[
  {
    "id": "2f7eedfd-2e07-478f-8d80-22f4a3b587cc",
    "data": [
      {
        "text": "Can I change that to a ",
        "userDefined": false
      },
      {
        "text": "plate",
        "meta": "@Type",
        "alias": "type",
        "userDefined": true
      },
      {
        "text": "?",
        "userDefined": false
      }
    ],
    "isTemplate": false,
    "count": 0,
    "lang": "en",
    "updated": 0
  },
  {
    "id": "c29db1f5-c786-4027-94a7-eb67dad67463",
    "data": [
      {
        "text": "i want a ",
        "userDefined": false
      },
      {
        "text": "wrap",
        "meta": "@Type",
        "alias": "type",
        "userDefined": true
      },
      {
        "text": " now.",
        "userDefined": false
      }
    ],
    "isTemplate": false,
    "count": 0,
    "lang": "en",
    "updated": 0
  },
  {
    "id": "c76f18cf-1188-4fe2-ba49-c6aef1d4995f",
    "data": [
      {
        "text": "wait i want a ",
        "userDefined": false
      },
      {
        "text": "bowl",
        "meta": "@Type",
        "alias": "type",
        "userDefined": true
      },
      {
        "text": ".",
        "userDefined": false
      }
    ],
    "isTemplate": false,
    "count": 0,
    "lang": "en",
    "updated": 0
  },
  {
    "id": "55684d1e-21d2-44fc-97d0-f7785ce07412",
    "data": [
      {
        "text": "actually, can i get a  ",
        "userDefined": false
      },
      {
        "text": "bowl",
        "meta": "@Type",
        "alias": "type",
        "userDefined": true
      },
      {
        "text": "?",
        "userDefined": false
      }
    ],
    "isTemplate": false,
    "count": 0,
    "lang": "en",
    "updated": 0
  }
]