[
  {
    "id": "e3a886b5-b03f-4f21-9b39-c1c1d5d5cd8b",
    "data": [
      {
        "text": "Can I order?",
        "userDefined": false
      }
    ],
    "isTemplate": false,
    "count": 0,
    "lang": "en",
    "updated": 0
  },
  {
    "id": "ec54f771-2c19-4683-ae07-c759e57f8938",
    "data": [
      {
        "text": "I\u0027d like to order",
        "userDefined": false
      }
    ],
    "isTemplate": false,
    "count": 0,
    "lang": "en",
    "updated": 0
  },
  {
    "id": "7d579ad3-f688-49f0-a4b1-d9e38837ffca",
    "data": [
      {
        "text": "a",
        "meta": "@sys.number",
        "alias": "amount",
        "userDefined": true
      }
    ],
    "isTemplate": false,
    "count": 0,
    "lang": "en",
    "updated": 0
  },
  {
    "id": "5eb69b1a-82e7-4fa4-9a18-dfe1f95d0cea",
    "data": [
      {
        "text": "plate",
        "meta": "@Type",
        "alias": "type",
        "userDefined": true
      }
    ],
    "isTemplate": false,
    "count": 0,
    "lang": "en",
    "updated": 0
  },
  {
    "id": "e184d66c-2fec-4bdd-bdba-ea7b346f2107",
    "data": [
      {
        "text": "bowl",
        "meta": "@Type",
        "alias": "type",
        "userDefined": false
      }
    ],
    "isTemplate": false,
    "count": 0,
    "lang": "en",
    "updated": 0
  },
  {
    "id": "2359ea8b-995e-48fb-a3b5-5b6002dc4b7b",
    "data": [
      {
        "text": "chicken",
        "meta": "@Meat",
        "alias": "meat",
        "userDefined": false
      }
    ],
    "isTemplate": false,
    "count": 0,
    "lang": "en",
    "updated": 0
  },
  {
    "id": "62fa1a67-bceb-46d0-b37c-9cf9ed07840e",
    "data": [
      {
        "text": "three",
        "meta": "@sys.number",
        "alias": "amount",
        "userDefined": false
      }
    ],
    "isTemplate": false,
    "count": 0,
    "lang": "en",
    "updated": 0
  },
  {
    "id": "d80b69fa-cbdf-43a9-b341-508d65235149",
    "data": [
      {
        "text": "one",
        "meta": "@sys.number",
        "alias": "amount",
        "userDefined": false
      }
    ],
    "isTemplate": false,
    "count": 0,
    "lang": "en",
    "updated": 0
  },
  {
    "id": "d5160b8c-3802-4b38-93a0-591677b6d033",
    "data": [
      {
        "text": "I\u0027ll take ",
        "userDefined": false
      },
      {
        "text": "seven",
        "meta": "@sys.number",
        "alias": "amount",
        "userDefined": true
      },
      {
        "text": ".",
        "userDefined": false
      }
    ],
    "isTemplate": false,
    "count": 0,
    "lang": "en",
    "updated": 0
  },
  {
    "id": "726e95e5-23a7-4669-bf11-0db428b57d2d",
    "data": [
      {
        "text": "No, ",
        "userDefined": false
      },
      {
        "text": "3.",
        "meta": "@sys.number",
        "alias": "amount",
        "userDefined": true
      }
    ],
    "isTemplate": false,
    "count": 0,
    "lang": "en",
    "updated": 0
  },
  {
    "id": "46e051a8-9127-477d-969a-190d3273b22a",
    "data": [
      {
        "text": "just ",
        "userDefined": false
      },
      {
        "text": "one.",
        "meta": "@sys.number",
        "alias": "amount",
        "userDefined": true
      }
    ],
    "isTemplate": false,
    "count": 0,
    "lang": "en",
    "updated": 0
  },
  {
    "id": "53e49a13-9445-4f18-9dc2-e629927ec9b7",
    "data": [
      {
        "text": "Can I get ",
        "userDefined": false
      },
      {
        "text": "one",
        "meta": "@sys.number",
        "alias": "amount",
        "userDefined": true
      },
      {
        "text": " ",
        "userDefined": false
      },
      {
        "text": "beef",
        "meta": "@Meat",
        "alias": "meat",
        "userDefined": true
      },
      {
        "text": " kebab ",
        "userDefined": false
      },
      {
        "text": "roll",
        "meta": "@Type",
        "alias": "type",
        "userDefined": true
      },
      {
        "text": "?",
        "userDefined": false
      }
    ],
    "isTemplate": false,
    "count": 0,
    "lang": "en",
    "updated": 0
  },
  {
    "id": "c818f089-7a5b-409c-b314-34b0d80ddd4e",
    "data": [
      {
        "text": "I want ",
        "userDefined": false
      },
      {
        "text": "two",
        "meta": "@sys.number",
        "alias": "amount",
        "userDefined": true
      },
      {
        "text": " ",
        "userDefined": false
      },
      {
        "text": "lamb",
        "meta": "@Meat",
        "alias": "meat",
        "userDefined": true
      },
      {
        "text": " kebab ",
        "userDefined": false
      },
      {
        "text": "bowls",
        "meta": "@Type",
        "alias": "type",
        "userDefined": true
      },
      {
        "text": ".",
        "userDefined": false
      }
    ],
    "isTemplate": false,
    "count": 0,
    "lang": "en",
    "updated": 0
  },
  {
    "id": "67e8ca73-7b68-4da2-bd01-b21b7c3bbb50",
    "data": [
      {
        "text": "I want ",
        "userDefined": false
      },
      {
        "text": "3",
        "meta": "@sys.number",
        "alias": "amount",
        "userDefined": true
      },
      {
        "text": " doner kebab ",
        "userDefined": false
      },
      {
        "text": "rolls.",
        "meta": "@Type",
        "alias": "type",
        "userDefined": true
      }
    ],
    "isTemplate": false,
    "count": 0,
    "lang": "en",
    "updated": 0
  },
  {
    "id": "b9be116d-f721-4b55-9050-47cc117d8344",
    "data": [
      {
        "text": "can I order ",
        "userDefined": false
      },
      {
        "text": "a",
        "meta": "@sys.number",
        "alias": "amount",
        "userDefined": true
      },
      {
        "text": " doner kebab?",
        "userDefined": false
      }
    ],
    "isTemplate": false,
    "count": 0,
    "lang": "en",
    "updated": 0
  }
]