[
  {
    "id": "e8e7e972-5ab8-40f6-b009-03fb1f536110",
    "data": [
      {
        "text": "switch that to ",
        "userDefined": false
      },
      {
        "text": "lamb",
        "meta": "@Meat",
        "alias": "meat",
        "userDefined": false
      }
    ],
    "isTemplate": false,
    "count": 0,
    "lang": "en",
    "updated": 0
  },
  {
    "id": "97617f3c-0c6c-429e-ad7b-c39df18468d4",
    "data": [
      {
        "text": "I changed my mind. Now I want ",
        "userDefined": false
      },
      {
        "text": "chicken",
        "meta": "@Meat",
        "alias": "meat",
        "userDefined": false
      },
      {
        "text": ".",
        "userDefined": false
      }
    ],
    "isTemplate": false,
    "count": 0,
    "lang": "en",
    "updated": 0
  },
  {
    "id": "ea00b90e-0f12-4a3b-9781-7236175dde72",
    "data": [
      {
        "text": "Change it to ",
        "userDefined": false
      },
      {
        "text": "chicken",
        "meta": "@Meat",
        "alias": "meat",
        "userDefined": false
      },
      {
        "text": " please.",
        "userDefined": false
      }
    ],
    "isTemplate": false,
    "count": 0,
    "lang": "en",
    "updated": 0
  },
  {
    "id": "10d81178-ec41-4b10-bbc8-5768349d8975",
    "data": [
      {
        "text": "Now I want ",
        "userDefined": false
      },
      {
        "text": "beef",
        "meta": "@Meat",
        "alias": "meat",
        "userDefined": false
      }
    ],
    "isTemplate": false,
    "count": 0,
    "lang": "en",
    "updated": 0
  },
  {
    "id": "83cd5693-0eca-40ab-b6a9-6ae26c904e96",
    "data": [
      {
        "text": "Can I change that to ",
        "userDefined": false
      },
      {
        "text": "lamb",
        "meta": "@Meat",
        "alias": "meat",
        "userDefined": false
      },
      {
        "text": "?",
        "userDefined": false
      }
    ],
    "isTemplate": false,
    "count": 0,
    "lang": "en",
    "updated": 0
  }
]