[
  {
    "id": "2b651a13-eef1-4e75-9f24-5501dafc08b0",
    "data": [
      {
        "text": "I want more",
        "userDefined": false
      }
    ],
    "isTemplate": false,
    "count": 0,
    "lang": "en",
    "updated": 0
  },
  {
    "id": "085b18dd-54c5-495c-b289-f3216d9e416c",
    "data": [
      {
        "text": "I\u0027d like to add more",
        "userDefined": false
      }
    ],
    "isTemplate": false,
    "count": 0,
    "lang": "en",
    "updated": 0
  },
  {
    "id": "9b7b66eb-e5ca-449b-964b-82beae6dc75b",
    "data": [
      {
        "text": "can I add more?",
        "userDefined": false
      }
    ],
    "isTemplate": false,
    "count": 0,
    "lang": "en",
    "updated": 0
  },
  {
    "id": "e95f9a96-90e7-498f-b0cc-f1ade8d27c5a",
    "data": [
      {
        "text": "i have more",
        "userDefined": false
      }
    ],
    "isTemplate": false,
    "count": 0,
    "lang": "en",
    "updated": 0
  },
  {
    "id": "c68a93c8-6622-4836-9cd2-3148ec4c860b",
    "data": [
      {
        "text": "nope",
        "userDefined": false
      }
    ],
    "isTemplate": false,
    "count": 0,
    "lang": "en",
    "updated": 0
  },
  {
    "id": "a109b56b-bd11-46c9-a8c2-fb67de68ba8e",
    "data": [
      {
        "text": "no",
        "userDefined": false
      }
    ],
    "isTemplate": false,
    "count": 0,
    "lang": "en",
    "updated": 0
  }
]