[
  {
    "id": "bc91cf59-3014-44f9-855b-90ca6465b529",
    "data": [
      {
        "text": "Change the number to ",
        "userDefined": false
      },
      {
        "text": "two",
        "meta": "@sys.number",
        "alias": "number",
        "userDefined": true
      }
    ],
    "isTemplate": false,
    "count": 0,
    "lang": "en",
    "updated": 0
  },
  {
    "id": "5e38ec63-6b99-4084-a7ce-e6bfd3d075c7",
    "data": [
      {
        "text": "Please that the amount to ",
        "userDefined": false
      },
      {
        "text": "5",
        "meta": "@sys.number",
        "alias": "number",
        "userDefined": false
      },
      {
        "text": ".",
        "userDefined": false
      }
    ],
    "isTemplate": false,
    "count": 0,
    "lang": "en",
    "updated": 0
  },
  {
    "id": "33e55148-d16c-4a02-927e-e657322f57bc",
    "data": [
      {
        "text": "Now I want ",
        "userDefined": false
      },
      {
        "text": "four",
        "meta": "@sys.number",
        "alias": "number",
        "userDefined": false
      }
    ],
    "isTemplate": false,
    "count": 0,
    "lang": "en",
    "updated": 0
  },
  {
    "id": "01897e94-5584-4494-addf-fd28d3eeb964",
    "data": [
      {
        "text": "Can i get ",
        "userDefined": false
      },
      {
        "text": "3",
        "meta": "@sys.number",
        "alias": "number",
        "userDefined": true
      },
      {
        "text": "?",
        "userDefined": false
      }
    ],
    "isTemplate": false,
    "count": 0,
    "lang": "en",
    "updated": 0
  }
]